loan_id,customer_id,capital,interest,num_fees,fees,num_payed_fees,total_returned,active,begin_date,end_date,total_amount,loan_type,status,warranty,remark
1,103,5000.0,725.36,12,477.11,7,3339.77,True,2022-06-27,,5725.36,vehicular,ok,False,
2,100,25000.0,3020.18,36,778.34,1,778.34,False,2022-02-24,2025-02-08,28020.18,hipotecario,ok,True,
3,161,5000.0,555.83,24,231.49,11,2546.39,False,2019-04-20,2021-04-09,5555.83,hipotecario,ok,False,
4,271,10000.0,590.61,36,294.18,2,588.36,False,2019-10-09,,10590.61,vehicular,ok,True,
5,316,10000.0,1308.4,6,1884.73,1,1884.73,True,2021-09-25,,11308.4,vehicular,ok,False,
6,35,10000.0,891.06,10,1089.11,7,2476.825924248327,True,2020-10-18,,10891.06,hipotecario,ok,True,
7,191,2000.0,255.03,10,225.5,9,2029.5,False,2023-06-05,2024-03-31,2255.03,vehicular,defaulter,False,
8,215,5000.0,272.61,24,219.69,15,3295.35,True,2018-12-04,,4655.0,hipotecario,defaulter,False,
9,41,8000.0,1041.76,6,1506.96,0,0.0,True,2021-09-29,,9041.76,vehicular,late,True,
10,163,3000.0,381.38,24,140.89,9,1268.01,False,2023-09-20,2025-09-09,3381.38,personal,ok,False,
11,33,25000.0,2177.05,36,754.92,23,17363.16,False,2020-03-15,2023-02-28,27177.05,hipotecario,late,True,
12,227,8000.0,1177.37,12,764.78,0,0.0,True,2020-10-25,,9177.37,vehicular,ok,True,
13,207,15000.0,916.34,18,884.24,12,10610.88,False,2020-05-13,2021-11-04,15916.34,personal,ok,False,
14,231,8000.0,831.87,24,367.99,3,1103.97,True,2021-03-29,,8831.87,vehicular,ok,False,
15,170,8000.0,636.51,24,359.85,5,1799.25,False,2020-03-06,2022-02-24,8636.51,hipotecario,late,False,
16,231,10000.0,610.05,6,1768.34,2,3536.68,False,2020-08-30,2021-02-26,10610.05,vehicular,ok,True,
17,137,10000.0,722.11,12,893.51,9,8041.59,True,2019-11-15,,10722.11,vehicular,ok,False,
18,233,5000.0,431.81,6,905.3,1,905.3,True,2019-07-18,,5431.81,vehicular,ok,True,
19,101,1000.0,149.77,12,95.81,0,0.0,False,2018-01-02,,1149.77,hipotecario,ok,False,
20,225,1000.0,73.96,10,107.4,4,429.6,True,2022-09-04,,1073.96,hipotecario,ok,False,
21,203,25000.0,1844.09,48,559.25,37,8034.4910026033585,True,2018-07-17,,26844.09,vehicular,ok,True,
22,201,5000.0,504.1,24,229.34,2,458.68,True,2019-10-22,,5504.1,vehicular,late,True,
23,147,5000.0,572.59,18,309.59,8,2476.72,True,2023-05-14,,4046.0,hipotecario,late,True,
24,151,15000.0,2066.01,12,1422.17,6,8533.02,True,2022-11-23,,17066.01,personal,ok,True,
25,2,1000.0,59.31,18,58.85,4,235.4,False,2021-03-29,2022-09-20,1059.31,personal,ok,True,
26,304,25000.0,3492.78,36,791.47,32,25327.04,True,2019-09-20,,28492.78,hipotecario,ok,False,
27,227,25000.0,1503.68,12,2208.64,8,17669.12,True,2023-02-28,,26503.68,hipotecario,ok,False,
28,163,25000.0,3736.14,18,1596.45,0,0.0,True,2022-05-23,,28736.14,personal,ok,False,
29,135,3000.0,347.28,6,557.88,3,1673.64,True,2020-08-12,,3347.28,vehicular,ok,False,
30,38,10000.0,893.1,36,302.59,7,2118.13,False,2023-09-06,2026-08-21,10893.1,hipotecario,ok,True,
31,317,25000.0,1951.93,12,2245.99,0,0.0,False,2018-01-17,2019-01-12,26951.93,hipotecario,defaulter,True,
32,6,3000.0,374.32,24,140.6,23,3233.8,False,2018-10-29,2020-10-18,2746.0,vehicular,defaulter,False,
33,191,8000.0,708.08,48,181.42,32,5805.44,True,2018-05-08,,8708.08,hipotecario,defaulter,False,
34,323,25000.0,1426.04,10,2642.6,5,13213.0,True,2022-08-14,,26426.04,vehicular,ok,False,
35,273,25000.0,2992.54,12,2332.71,5,11663.55,True,2022-02-09,,27992.54,hipotecario,late,True,
36,13,5000.0,505.67,6,917.61,3,2752.83,True,2019-11-16,,5505.67,hipotecario,late,False,
37,143,5000.0,539.43,48,115.4,51,2423.4,True,2018-02-20,,5539.43,vehicular,defaulter,False,
38,314,2000.0,106.1,18,117.01,9,1053.09,True,2020-04-17,,2106.1,vehicular,ok,True,
39,264,8000.0,617.23,18,478.73,4,1914.92,True,2021-01-31,,8617.23,personal,ok,False,
40,47,3000.0,341.23,18,185.62,15,2784.3,False,2018-09-26,2020-03-19,3341.23,hipotecario,ok,True,
41,120,15000.0,1400.28,10,1640.03,6,9840.18,True,2021-10-01,,16400.28,personal,ok,True,
42,129,2000.0,283.04,48,47.56,33,1569.48,True,2021-01-24,,2283.04,personal,ok,True,
43,272,8000.0,990.32,48,187.3,4,749.2,True,2018-06-03,,8990.32,personal,ok,True,
44,220,8000.0,475.33,36,235.43,4,941.72,True,2021-05-12,,8475.33,hipotecario,ok,True,
45,100,1000.0,96.47,24,45.69,22,1005.18,False,2022-11-21,2024-11-10,1096.47,personal,late,False,
46,223,2000.0,225.17,10,222.52,0,0.0,False,2020-10-12,2021-08-08,2225.17,vehicular,defaulter,False,
47,160,3000.0,390.28,18,188.35,17,3201.95,True,2022-04-18,,3390.28,vehicular,late,False,
48,323,1000.0,146.12,10,114.61,10,1146.1,True,2018-10-12,,1146.12,vehicular,ok,True,
49,242,3000.0,250.97,10,325.1,7,2275.7,True,2022-06-14,,3250.97,vehicular,ok,False,
50,314,8000.0,678.67,12,723.22,12,5637.692003346668,False,2019-12-30,2020-12-24,8678.67,personal,ok,True,
51,192,3000.0,447.15,18,191.51,17,3255.67,False,2020-10-05,,3447.15,vehicular,defaulter,True,
52,268,1000.0,117.98,48,23.29,52,558.96,True,2020-05-22,,1117.98,personal,ok,False,
53,217,10000.0,797.64,12,899.8,0,0.0,True,2022-06-24,,10797.64,personal,late,True,
54,284,10000.0,1176.77,18,620.93,18,11176.74,True,2021-10-22,,11176.77,personal,ok,True,
55,53,15000.0,1921.94,48,352.54,44,15511.76,False,2020-12-01,2024-11-10,16921.94,hipotecario,ok,True,
56,163,15000.0,1568.87,12,1380.74,1,1380.74,True,2020-01-21,,16568.87,hipotecario,late,True,
57,253,10000.0,584.11,24,441.0,7,3087.0,False,2021-11-17,2023-11-07,10584.11,hipotecario,ok,True,
58,165,10000.0,1486.64,24,478.61,0,0.0,False,2021-09-27,2023-09-17,11486.64,vehicular,defaulter,True,
59,132,5000.0,438.13,48,113.29,18,702.43043882869,False,2021-04-20,2025-03-30,5438.13,hipotecario,defaulter,True,
60,126,3000.0,226.1,10,322.61,9,2903.49,True,2022-08-11,2022-11-19,3226.1,personal,late,True,
61,1,3000.0,325.01,36,92.36,24,2216.64,True,2020-04-03,,3325.01,personal,defaulter,False,
62,173,25000.0,2640.01,48,575.83,20,11516.6,True,2018-03-21,,27640.01,vehicular,defaulter,False,
63,227,3000.0,440.79,10,344.08,8,2752.64,True,2022-03-30,,3440.79,personal,ok,False,
64,259,25000.0,3092.75,12,2341.06,11,25751.66,False,2021-09-15,2022-09-10,28092.75,hipotecario,ok,False,
65,8,2000.0,137.62,10,213.76,7,1496.32,True,2019-06-24,,1947.0,personal,ok,True,
66,145,1000.0,80.95,18,60.05,12,720.6,True,2020-07-13,,1080.95,vehicular,late,False,
67,256,8000.0,890.73,10,889.07,9,8001.63,False,2020-03-08,2021-01-02,8890.73,personal,ok,False,
68,289,10000.0,1310.55,48,235.64,48,11310.72,True,2022-12-08,,11310.55,vehicular,ok,True,
69,283,1000.0,133.83,10,113.38,8,907.04,True,2019-05-26,,1133.83,vehicular,late,True,
70,197,15000.0,1874.87,12,1406.24,12,5624.96,False,2019-12-15,2020-12-09,16874.87,personal,defaulter,True,
71,1,3000.0,232.42,18,179.58,0,0.0,False,2020-05-30,2021-11-21,3232.42,hipotecario,ok,False,
72,39,2000.0,199.63,36,61.1,2,122.2,False,2018-09-25,2021-09-09,2199.63,personal,ok,True,
73,313,1000.0,63.4,48,22.15,22,487.3,False,2021-06-06,2025-05-16,1679.0,hipotecario,late,True,
74,192,5000.0,740.23,10,574.02,1,574.02,True,2021-09-20,,5740.23,vehicular,late,True,
75,166,1000.0,128.37,18,62.69,9,564.21,False,2023-10-30,2025-04-22,1128.37,hipotecario,defaulter,False,
76,273,5000.0,283.12,24,220.13,24,220.13,True,2023-10-02,,5283.12,hipotecario,defaulter,False,
77,111,1000.0,96.01,48,22.83,10,228.3,False,2023-04-20,2027-03-30,1096.01,personal,late,True,
78,155,8000.0,1178.49,24,382.44,18,6883.92,True,2020-10-25,,9178.49,hipotecario,ok,True,
79,1,8000.0,768.62,10,876.86,1,876.86,True,2023-05-23,,8768.62,personal,ok,False,
80,249,15000.0,1691.85,48,347.75,29,10084.75,False,2018-04-17,2022-03-27,16691.85,personal,ok,False,
81,257,25000.0,3120.65,24,1171.69,19,22262.11,True,2018-10-30,,28120.65,hipotecario,ok,False,
82,78,25000.0,3051.29,10,2805.13,10,28051.3,True,2021-08-28,,28051.29,vehicular,late,False,
83,239,5000.0,303.59,10,530.36,5,2651.8,True,2023-03-22,,5444.0,personal,late,False,
84,202,15000.0,1233.12,48,338.19,21,7101.99,True,2018-05-06,,16233.12,personal,ok,True,
85,68,2000.0,257.83,24,94.08,17,1599.36,True,2023-11-29,,2257.83,hipotecario,ok,False,
86,236,3000.0,263.63,24,135.98,5,679.9,False,2021-07-29,2023-07-19,3263.63,vehicular,ok,True,
87,229,1000.0,73.72,36,29.83,20,596.6,True,2022-09-30,,1073.72,hipotecario,ok,False,
88,95,25000.0,3491.91,48,593.58,2,1187.16,True,2018-08-31,,28491.91,personal,defaulter,True,
89,6,2000.0,215.2,12,184.6,3,553.8,False,2023-02-14,2024-02-09,2215.2,personal,ok,False,
90,62,1000.0,121.85,12,93.49,7,654.43,False,2021-12-29,2022-12-24,1121.85,personal,ok,False,
91,324,3000.0,209.85,18,178.32,16,2853.12,True,2023-12-28,,3209.85,hipotecario,late,False,
92,293,10000.0,654.36,18,591.91,12,7102.92,True,2023-07-20,,10654.36,hipotecario,ok,False,
93,261,15000.0,1573.38,10,1657.34,7,11601.38,True,2022-06-08,,16573.38,personal,ok,True,
94,38,15000.0,1941.43,48,352.95,48,16941.6,False,2022-05-24,2026-05-03,16941.43,hipotecario,ok,False,
95,137,2000.0,136.25,12,178.02,0,0.0,False,2021-08-12,2022-08-07,2136.25,personal,ok,True,
96,229,10000.0,1299.54,12,941.63,4,3766.52,True,2023-08-15,,11299.54,hipotecario,ok,False,
97,89,8000.0,870.65,10,887.06,7,6209.42,True,2023-02-07,,8870.65,hipotecario,late,True,
98,23,15000.0,1504.08,6,2750.68,0,0.0,True,2021-06-02,,16504.08,hipotecario,ok,False,
99,104,3000.0,312.85,36,92.02,5,460.1,True,2021-04-17,,3312.85,vehicular,late,True,
100,231,3000.0,386.58,36,94.07,32,3010.24,True,2020-08-08,,3386.58,hipotecario,late,True,
101,123,2000.0,168.42,36,60.23,12,722.76,False,2020-03-25,2023-03-10,2168.42,vehicular,late,True,
102,157,15000.0,1363.43,24,681.81,27,681.81,True,2018-04-05,,16363.43,hipotecario,ok,True,
103,148,3000.0,437.72,36,95.49,5,477.45,True,2019-12-13,,3437.72,hipotecario,defaulter,False,
104,218,8000.0,511.29,10,851.13,13,6809.04,False,2022-06-28,2023-04-24,7207.0,personal,defaulter,False,
105,127,2000.0,254.25,48,46.96,8,375.68,True,2020-10-10,,2254.25,hipotecario,defaulter,False,
106,267,15000.0,934.22,24,663.93,20,13278.6,True,2022-07-04,,15934.22,vehicular,defaulter,True,
107,55,3000.0,327.38,24,138.64,14,1940.96,True,2021-08-25,,3327.38,personal,ok,True,
108,291,15000.0,1371.76,10,1637.18,10,16371.8,True,2019-01-21,,16371.76,vehicular,late,True,
109,128,3000.0,159.85,12,263.32,2,526.64,True,2021-04-20,,3159.85,vehicular,ok,True,
110,161,1000.0,128.05,12,94.0,5,470.0,True,2022-02-01,,1128.05,personal,defaulter,True,
111,148,10000.0,1360.63,48,236.68,39,9230.52,True,2018-11-23,,11360.63,personal,ok,True,
112,211,10000.0,705.14,24,446.05,16,7136.8,True,2019-03-05,,10705.14,vehicular,ok,False,
113,175,2000.0,204.88,18,122.49,16,1959.84,True,2023-12-02,,2204.88,vehicular,ok,True,
114,264,8000.0,460.4,12,705.03,15,6345.27,False,2022-01-21,2023-01-16,8460.4,hipotecario,ok,True,
115,55,5000.0,669.89,48,118.12,28,3307.36,True,2020-04-12,,5669.89,vehicular,ok,True,
116,255,8000.0,876.04,6,1479.34,6,8876.04,True,2021-07-11,,8876.04,hipotecario,ok,False,
117,165,10000.0,704.98,48,223.02,47,5392.561435751201,True,2023-06-25,,10704.98,vehicular,late,True,
118,147,25000.0,1703.59,18,1483.53,17,25220.01,False,2019-05-29,2020-11-19,26703.59,personal,ok,False,
119,195,15000.0,801.34,18,877.85,4,3511.4,True,2020-03-15,,15801.34,hipotecario,ok,True,
120,280,1000.0,136.85,12,94.74,6,568.44,True,2018-05-08,2018-08-16,1136.85,hipotecario,ok,False,
121,9,25000.0,2997.11,6,4666.19,6,27997.14,False,2022-11-17,2023-05-16,27997.11,hipotecario,defaulter,False,
122,29,8000.0,952.98,24,373.04,10,3730.4,True,2023-12-16,,8952.98,personal,ok,True,
123,165,1000.0,99.75,18,61.1,9,549.9,True,2018-12-08,,1099.75,personal,ok,True,
124,168,2000.0,220.1,6,370.02,4,1480.08,True,2019-03-31,2019-07-09,2220.1,personal,ok,False,
125,190,2000.0,184.41,10,218.44,5,1092.2,True,2021-10-18,,2184.41,personal,ok,False,
126,29,8000.0,1069.66,12,755.8,3,2267.4,False,2021-02-10,2022-02-05,9069.66,vehicular,defaulter,True,
127,111,25000.0,3592.07,24,1191.34,23,27400.82,True,2021-08-05,,28592.07,vehicular,ok,True,
128,244,3000.0,403.92,12,283.66,12,3403.92,True,2023-07-20,,3403.92,hipotecario,ok,True,
129,201,25000.0,3070.47,6,4678.41,4,18713.64,True,2020-07-27,,28070.47,personal,ok,True,
130,229,5000.0,597.35,36,155.48,33,5130.84,True,2022-06-25,,5597.35,vehicular,defaulter,True,
131,57,15000.0,1531.95,18,918.44,15,13776.6,False,2018-08-04,2020-01-26,16531.95,vehicular,late,True,
132,198,25000.0,1874.17,6,4479.03,3,13437.09,False,2019-05-04,2019-10-31,26874.17,vehicular,ok,False,
133,199,1000.0,68.06,24,44.5,21,934.5,True,2018-09-07,,1068.06,vehicular,ok,True,
134,176,25000.0,3677.65,48,597.45,28,16728.6,True,2020-09-16,,28677.65,vehicular,ok,False,
135,103,1000.0,115.02,12,92.92,11,1022.12,False,2021-01-26,2022-01-21,1115.02,vehicular,ok,True,
136,39,15000.0,1955.97,18,942.0,18,11304.0,True,2018-01-16,,14887.0,hipotecario,defaulter,True,
137,170,2000.0,104.25,48,43.84,12,256.0700921546731,False,2021-07-21,2025-06-30,2104.25,vehicular,ok,False,
138,29,10000.0,588.54,36,294.13,15,4411.95,False,2022-11-07,2025-10-22,10588.54,hipotecario,ok,True,
139,65,10000.0,503.35,24,437.64,24,5689.32,True,2019-01-11,,10503.35,hipotecario,defaulter,True,
140,193,8000.0,1190.18,6,1531.7,6,9190.2,True,2020-08-21,,9190.18,hipotecario,late,True,
141,198,15000.0,2068.68,36,474.13,23,10904.99,False,2018-01-11,2020-12-26,17068.68,hipotecario,ok,False,
142,260,3000.0,270.47,24,136.27,21,2861.67,True,2020-06-03,2020-09-11,3270.47,hipotecario,ok,False,
143,313,2000.0,107.35,10,210.74,2,421.48,True,2023-03-27,,2107.35,personal,ok,True,
144,177,1000.0,142.78,10,114.28,0,0.0,True,2022-05-16,,1142.78,vehicular,late,False,
145,145,25000.0,3493.59,12,2374.47,5,11872.35,True,2020-02-20,,28493.59,vehicular,ok,False,
146,98,3000.0,413.24,12,284.44,10,2844.4,True,2020-09-14,,3413.24,vehicular,defaulter,False,
147,170,1000.0,82.91,6,180.48,4,721.92,True,2021-11-19,,1082.91,vehicular,ok,True,
148,176,2000.0,206.52,24,91.94,15,1379.1,True,2020-03-06,,2206.52,personal,ok,True,
149,224,10000.0,1092.41,10,1109.24,2,2218.48,False,2022-05-11,2023-03-07,11092.41,vehicular,late,True,
150,262,25000.0,3243.57,18,1569.09,0,0.0,True,2022-09-01,,28243.57,personal,ok,False,
151,191,3000.0,375.81,48,70.33,4,281.32,False,2019-07-11,2023-06-20,3375.81,vehicular,late,False,
152,160,3000.0,218.59,48,67.05,30,2011.5,False,2023-10-31,2027-10-10,3218.59,hipotecario,late,False,
153,295,2000.0,157.41,36,59.93,26,1558.18,True,2021-02-10,,2157.41,vehicular,ok,False,
154,163,25000.0,1517.45,36,736.6,6,4419.6,True,2019-08-09,,26517.45,hipotecario,ok,False,
155,222,8000.0,482.01,18,471.22,3,1413.66,False,2021-06-19,2022-12-11,8482.01,personal,late,True,
156,193,10000.0,1120.92,12,926.74,1,926.74,False,2019-12-05,2020-11-29,11120.92,vehicular,ok,True,
157,7,8000.0,417.7,36,233.82,14,3273.48,True,2019-07-24,,8417.7,hipotecario,ok,True,
158,4,1000.0,60.22,6,176.7,6,1060.2,False,2020-06-05,2020-12-02,1060.22,vehicular,ok,False,
159,175,10000.0,730.05,12,894.17,10,8941.7,False,2020-09-15,2021-09-10,10730.05,personal,ok,False,
160,147,1000.0,94.23,12,91.19,0,0.0,False,2019-07-24,2020-07-18,1094.23,vehicular,late,True,
161,320,1000.0,115.17,18,61.95,17,1053.15,True,2021-07-18,,1115.17,vehicular,defaulter,False,
162,145,8000.0,1021.28,48,187.94,26,4886.44,True,2022-09-06,,9021.28,vehicular,ok,False,
163,181,25000.0,3552.12,12,2379.34,3,7138.02,True,2019-06-11,,28552.12,hipotecario,ok,False,
164,236,5000.0,465.15,36,151.81,21,3188.01,True,2020-10-10,,5465.15,hipotecario,late,True,
165,64,8000.0,519.66,24,354.99,17,3637.6208985694047,True,2023-07-07,,8519.66,hipotecario,defaulter,False,
166,32,3000.0,358.49,6,559.75,3,1679.25,False,2018-04-12,2018-10-09,3358.49,vehicular,ok,False,
167,41,1000.0,60.28,36,29.45,36,912.95,True,2019-08-15,,1060.28,personal,defaulter,False,
168,242,5000.0,286.21,6,881.04,0,0.0,True,2022-11-04,,5286.21,personal,late,False,
169,103,2000.0,295.49,10,229.55,9,2065.95,True,2018-05-23,,2295.49,vehicular,ok,False,
170,317,3000.0,418.87,6,569.81,5,2849.05,True,2021-12-10,,3418.87,hipotecario,ok,False,
171,318,15000.0,1972.24,48,353.59,10,3535.9,True,2021-01-12,,16972.24,hipotecario,late,False,
172,3,15000.0,1539.6,10,1653.96,10,16539.6,False,2023-11-05,2024-08-31,16539.6,personal,late,False,
173,147,15000.0,1455.27,24,685.64,7,4799.48,True,2019-11-26,,16455.27,hipotecario,ok,True,
174,150,8000.0,1197.07,6,1532.84,2,3065.68,True,2022-10-04,,9197.07,personal,ok,True,
175,207,1000.0,134.05,6,189.01,5,945.05,False,2022-10-15,2023-04-13,1134.05,personal,late,True,
176,4,5000.0,435.52,18,301.97,17,5133.49,True,2022-09-09,,5435.52,personal,ok,True,
177,228,2000.0,219.54,18,123.31,5,616.55,True,2018-10-22,,2219.54,vehicular,ok,True,
178,268,3000.0,336.89,24,139.04,14,1946.56,False,2020-03-04,2022-02-22,3336.89,hipotecario,ok,False,
179,14,10000.0,1012.62,24,458.86,27,1835.44,True,2019-07-07,,11012.62,personal,ok,False,
180,231,1000.0,116.26,48,23.26,5,116.3,True,2023-08-03,,1116.26,vehicular,ok,True,
181,164,8000.0,589.62,48,178.95,10,1789.5,True,2019-09-22,,8589.62,hipotecario,ok,False,
182,257,8000.0,598.97,12,716.58,11,7882.38,True,2019-07-30,,8598.97,personal,ok,True,
183,204,8000.0,1025.43,18,501.41,14,7019.74,True,2022-10-09,,9025.43,vehicular,ok,False,
184,130,1000.0,103.12,18,61.28,0,0.0,True,2023-12-07,,1103.12,personal,defaulter,True,
185,161,1000.0,108.47,18,61.58,9,554.22,False,2018-10-03,2020-03-26,1108.47,vehicular,ok,False,
186,217,2000.0,294.62,48,47.8,30,1434.0,False,2020-07-07,2024-06-16,2294.62,vehicular,ok,True,
187,308,25000.0,3599.55,18,1588.86,7,11122.02,True,2023-07-27,,28599.55,vehicular,ok,False,
188,5,15000.0,1015.72,10,1601.57,0,0.0,False,2021-02-16,2021-12-13,16015.72,hipotecario,ok,False,
189,145,2000.0,273.78,6,378.96,3,1136.88,False,2020-09-13,2021-03-12,2273.78,hipotecario,defaulter,True,
190,147,15000.0,1738.33,24,697.43,15,10461.45,True,2020-12-28,,16738.33,hipotecario,ok,False,
191,192,10000.0,818.11,6,1803.02,0,0.0,False,2021-01-17,2021-07-16,10818.11,personal,ok,True,
192,324,2000.0,180.83,36,60.58,3,181.74,True,2022-06-26,,2180.83,hipotecario,late,True,
193,279,3000.0,410.67,6,568.45,5,1261.6405110057854,False,2020-04-01,2020-09-28,3410.67,personal,ok,False,
194,199,15000.0,1793.2,18,932.96,0,0.0,False,2018-11-01,,16793.2,vehicular,ok,False,
195,267,3000.0,200.53,36,88.9,9,800.1,True,2020-08-19,,3200.53,vehicular,ok,False,
196,304,2000.0,195.84,24,91.49,26,2195.76,True,2018-01-12,,2195.84,personal,ok,False,
197,271,3000.0,379.46,36,93.87,20,1877.4,True,2019-02-11,,3379.46,vehicular,ok,True,
198,281,5000.0,713.52,48,119.03,48,357.09,True,2020-02-28,,5713.52,vehicular,defaulter,True,
199,52,10000.0,807.29,48,225.15,27,6079.05,True,2022-07-30,,10807.29,hipotecario,late,True,
200,77,5000.0,661.59,36,157.27,10,1572.7,False,2021-07-10,2024-06-24,5661.59,hipotecario,late,True,
201,71,15000.0,910.32,10,1591.03,9,14319.27,False,2020-08-09,2021-06-05,15910.32,hipotecario,late,True,
202,172,25000.0,2566.25,48,574.3,12,6891.6,False,2021-07-24,2025-07-03,27566.25,personal,late,True,
203,10,25000.0,2277.57,24,1136.57,9,10229.13,True,2019-12-21,,27277.57,vehicular,late,False,
204,152,3000.0,405.35,48,70.94,9,638.46,False,2018-05-26,2022-05-05,3405.35,hipotecario,ok,False,
205,69,15000.0,1102.85,18,894.6,1,894.6,True,2019-11-04,,16102.85,personal,ok,True,
206,143,3000.0,332.13,12,277.68,9,2499.12,True,2020-08-26,,3332.13,personal,ok,True,
207,258,25000.0,1591.1,24,1107.96,17,18835.32,True,2022-04-27,,26591.1,vehicular,late,True,
208,280,5000.0,659.35,18,314.41,5,1572.05,False,2021-04-05,2022-09-27,5659.35,personal,late,True,
209,73,25000.0,2167.39,36,754.65,3,2263.95,True,2022-12-10,,27167.39,hipotecario,ok,False,
210,27,25000.0,2600.03,36,766.67,7,5366.69,False,2022-05-05,2025-04-19,27600.03,personal,ok,False,
211,130,15000.0,1317.71,36,453.27,16,7252.32,True,2022-02-03,,16317.71,hipotecario,ok,False,
212,287,15000.0,1051.4,10,1605.14,8,12841.12,False,2023-10-04,2024-07-30,16051.4,personal,ok,False,
213,3,25000.0,2206.32,48,566.8,27,15303.6,False,2019-09-22,,27206.32,personal,late,True,
214,84,10000.0,757.05,48,224.11,48,6947.41,True,2021-03-30,2021-07-08,10757.05,hipotecario,defaulter,True,
215,142,5000.0,401.56,10,540.16,1,540.16,True,2018-12-07,,5401.56,personal,ok,True,
216,323,5000.0,389.85,10,538.98,3,1616.94,True,2018-11-07,,5389.85,hipotecario,ok,False,
217,316,8000.0,712.83,18,484.05,14,6776.7,True,2019-07-15,,8712.83,hipotecario,ok,False,
218,216,2000.0,273.61,36,63.16,2,126.32,False,2020-08-05,,2273.61,vehicular,ok,False,
219,130,3000.0,253.83,18,180.77,17,3073.09,False,2018-09-23,2020-03-16,3253.83,personal,ok,True,
220,164,15000.0,1480.59,36,457.79,15,6866.85,False,2020-04-01,2023-03-17,16480.59,vehicular,defaulter,False,
221,25,8000.0,694.03,24,362.25,1,362.25,True,2020-08-21,,8694.03,personal,ok,False,
222,128,25000.0,2735.73,48,577.83,13,7511.79,True,2022-08-09,,27735.73,vehicular,ok,True,
223,43,10000.0,1102.55,48,231.3,18,4163.4,False,2022-03-21,2026-02-28,9862.0,hipotecario,ok,False,
224,267,2000.0,111.56,48,43.99,8,351.92,True,2020-09-09,,2111.56,vehicular,ok,False,
225,190,10000.0,601.05,18,588.95,0,0.0,False,2022-12-01,2024-05-24,10601.05,personal,ok,False,
226,308,8000.0,899.12,18,494.4,5,898.273419173379,False,2022-02-17,2023-08-11,8899.12,hipotecario,ok,True,
227,7,3000.0,274.24,36,90.95,6,545.7,True,2022-10-31,,3274.24,personal,ok,False,
228,62,3000.0,275.57,36,90.99,14,1273.86,True,2023-03-27,,3275.57,personal,ok,False,
229,242,8000.0,1180.7,10,918.07,4,3672.28,True,2018-06-22,,9180.7,personal,ok,False,
230,191,8000.0,1075.49,48,189.07,25,4726.75,False,2022-09-28,2026-09-07,9075.49,hipotecario,ok,True,
231,221,5000.0,679.78,10,567.98,4,2271.92,True,2018-04-15,,5679.78,personal,defaulter,False,
232,60,25000.0,1886.68,10,2688.67,1,2688.67,False,2020-02-28,2020-12-24,26886.68,vehicular,ok,True,
233,214,25000.0,1817.41,6,4469.57,3,13408.71,False,2020-05-05,2020-11-01,26817.41,personal,late,True,
234,87,8000.0,438.26,6,1406.38,6,8438.28,False,2023-09-22,2024-03-20,8438.26,vehicular,ok,False,
235,17,8000.0,806.86,10,880.69,3,2642.07,False,2022-08-02,2023-05-29,8806.86,vehicular,ok,False,
236,51,3000.0,273.64,24,136.4,27,2864.4,True,2021-09-05,,3273.64,vehicular,ok,False,
237,223,25000.0,3173.06,6,4695.51,0,0.0,True,2020-08-20,,28173.06,hipotecario,ok,True,
238,169,1000.0,103.03,36,30.64,9,275.76,True,2019-10-14,,1103.03,hipotecario,ok,True,
239,160,15000.0,1531.15,18,918.4,1,918.4,True,2019-06-07,,16531.15,personal,defaulter,True,
240,153,25000.0,2330.19,18,1518.34,17,25811.78,True,2023-06-27,,27330.19,vehicular,late,False,
241,122,25000.0,2042.31,48,563.38,48,27042.24,False,2020-02-19,2024-01-29,27042.31,hipotecario,ok,False,
242,149,10000.0,1342.0,36,315.06,6,1890.36,False,2019-10-25,2022-10-09,11342.0,vehicular,ok,False,
243,235,1000.0,143.74,24,47.66,12,571.92,True,2020-02-09,,1143.74,vehicular,ok,False,
244,95,15000.0,1508.78,18,917.15,21,11005.8,False,2022-09-21,2024-03-14,16508.78,vehicular,ok,True,
245,23,8000.0,475.01,18,470.83,14,6591.62,False,2021-07-28,2023-01-19,8857.0,vehicular,ok,False,
246,144,25000.0,1866.7,24,1119.45,2,2238.9,True,2019-03-25,,26866.7,vehicular,ok,False,
247,10,8000.0,986.46,48,187.22,26,4867.72,False,2020-07-11,2024-06-20,8986.46,personal,ok,False,
248,86,2000.0,252.2,36,62.56,11,688.16,True,2023-06-21,,2252.2,hipotecario,late,False,
249,75,25000.0,1622.22,48,554.63,5,2773.15,True,2021-01-29,,26622.22,vehicular,ok,False,
250,24,10000.0,1093.04,24,462.21,5,2311.05,True,2022-02-01,,11093.04,vehicular,ok,False,
251,260,5000.0,647.1,18,313.73,16,5019.68,False,2019-06-10,2020-12-01,5647.1,personal,ok,True,
252,254,25000.0,2941.17,10,2794.12,2,5588.24,True,2018-03-01,2018-06-09,27941.17,vehicular,ok,False,
253,152,8000.0,996.74,10,899.67,5,4498.35,False,2021-02-14,2021-12-11,8996.74,vehicular,ok,False,
254,183,1000.0,93.4,10,109.34,3,328.02,True,2021-02-10,,1093.4,vehicular,late,True,
255,118,8000.0,538.78,36,237.19,3,711.57,False,2019-10-22,2022-10-06,8538.78,vehicular,ok,True,
256,78,5000.0,441.92,6,906.99,1,906.99,True,2020-04-16,,5441.92,personal,defaulter,True,
257,107,1000.0,108.58,36,30.79,5,153.95,False,2023-03-16,2026-02-28,1108.58,vehicular,ok,False,
258,69,8000.0,769.39,18,487.19,16,7795.04,True,2019-12-05,,8769.39,hipotecario,ok,False,
259,231,15000.0,1494.69,6,2749.12,0,0.0,True,2023-02-05,,16494.69,hipotecario,ok,False,
260,57,15000.0,2133.93,6,2855.66,3,8566.98,True,2021-12-02,,17133.93,hipotecario,ok,True,
261,163,15000.0,2109.38,10,1710.94,5,8554.7,True,2023-07-08,,17109.38,personal,ok,True,
262,301,5000.0,266.81,18,292.6,17,4974.2,True,2020-05-24,,5266.81,hipotecario,ok,True,
263,70,15000.0,1105.18,12,1342.1,3,4026.3,True,2022-02-04,,16105.18,vehicular,ok,False,
264,142,1000.0,99.45,24,45.81,17,381.74171703053037,True,2022-10-20,,1099.45,personal,ok,True,
265,161,2000.0,244.0,48,46.75,41,1916.75,True,2019-08-21,,2244.0,personal,defaulter,True,
266,28,2000.0,208.51,48,46.01,21,966.21,True,2018-06-26,,2208.51,hipotecario,ok,False,
267,65,2000.0,133.15,10,213.32,5,1066.6,False,2020-12-16,2021-10-12,2133.15,hipotecario,late,True,
268,125,15000.0,1568.15,48,345.17,39,13461.63,False,2021-08-10,2025-07-20,16568.15,hipotecario,defaulter,True,
269,319,1000.0,70.14,48,22.29,20,445.8,True,2019-06-16,,1070.14,hipotecario,late,True,
270,232,8000.0,927.7,18,495.98,13,6447.74,False,2023-10-07,2025-03-30,8927.7,personal,ok,True,
271,248,10000.0,843.66,18,602.43,0,0.0,True,2022-04-27,,10843.66,hipotecario,ok,True,
272,89,3000.0,264.13,12,272.01,4,1088.04,True,2018-11-03,,3264.13,hipotecario,ok,False,
273,297,5000.0,388.22,48,112.25,8,898.0,True,2019-07-13,,5388.22,hipotecario,ok,False,
274,316,5000.0,528.91,10,552.89,6,3317.34,False,2020-04-27,2021-02-21,5528.91,vehicular,late,True,
275,40,10000.0,640.71,6,1773.45,6,10640.7,False,2019-09-05,2020-03-03,10640.71,vehicular,ok,False,
276,246,3000.0,414.72,18,189.71,20,1897.1,True,2021-02-26,,3414.72,vehicular,ok,False,
277,269,2000.0,133.19,36,59.26,30,1777.8,True,2022-05-14,,2133.19,vehicular,ok,True,
278,196,1000.0,132.3,10,113.23,4,452.92,True,2018-08-15,,1132.3,personal,ok,False,
279,134,3000.0,377.87,6,562.98,2,1125.96,False,2022-01-13,2022-07-12,3377.87,personal,ok,False,
280,131,5000.0,417.6,10,541.76,4,2167.04,False,2021-05-26,,5417.6,personal,ok,False,
281,41,3000.0,285.11,10,328.51,10,3285.1,True,2020-06-14,,3285.11,personal,late,False,
282,271,3000.0,340.24,18,185.57,15,2783.55,True,2023-05-08,,3340.24,vehicular,ok,True,
283,148,5000.0,745.87,48,119.71,22,2633.62,False,2019-10-02,2023-09-11,5745.87,hipotecario,ok,False,
284,143,15000.0,852.76,6,2642.13,4,10568.52,False,2020-08-06,2021-02-02,15852.76,hipotecario,defaulter,True,
285,39,1000.0,128.84,24,47.04,14,658.56,False,2021-02-12,2023-02-02,1128.84,vehicular,ok,True,
286,91,2000.0,189.41,36,60.82,13,790.66,True,2019-05-16,,2189.41,vehicular,ok,True,
287,84,1000.0,54.2,36,29.28,25,732.0,True,2022-10-17,,1054.2,personal,ok,True,
288,275,1000.0,133.95,24,47.25,6,283.5,False,2022-07-18,2024-07-07,1133.95,vehicular,late,False,
289,120,10000.0,620.25,18,590.01,7,4130.07,True,2018-10-13,,10620.25,personal,ok,True,
290,142,3000.0,172.27,6,528.71,2,1057.42,True,2018-02-10,,3172.27,hipotecario,ok,False,
291,86,1000.0,148.9,48,23.94,15,359.1,False,2020-12-21,2024-11-30,1148.9,hipotecario,ok,True,
292,64,10000.0,1355.7,48,236.58,20,4731.6,True,2021-09-10,,11355.7,personal,ok,True,
293,201,8000.0,426.12,12,702.18,0,0.0,False,2019-04-27,2020-04-21,8426.12,personal,ok,True,
294,76,10000.0,1273.88,6,1878.98,2,3757.96,True,2023-09-05,,11273.88,hipotecario,ok,True,
295,38,5000.0,644.4,12,470.37,3,1411.11,True,2023-01-21,,5644.4,hipotecario,late,True,
296,194,25000.0,2751.63,48,578.16,40,23126.4,True,2022-11-28,,27751.63,hipotecario,ok,True,
297,210,1000.0,53.98,36,29.28,25,732.0,True,2018-10-10,,1053.98,hipotecario,defaulter,True,
298,109,1000.0,112.25,36,30.9,34,1050.6,True,2021-12-26,,1112.25,personal,ok,False,
299,49,10000.0,549.5,12,879.12,3,2637.36,False,2020-06-10,,10549.5,vehicular,late,True,
300,192,10000.0,896.8,36,302.69,8,2421.52,True,2021-09-29,,10896.8,personal,late,True,
301,307,3000.0,302.22,6,550.37,6,3302.22,False,2019-02-01,2019-07-31,3302.22,hipotecario,defaulter,True,
302,127,10000.0,665.2,18,592.51,18,10665.18,False,2019-08-07,2021-01-28,10665.2,personal,ok,True,
303,240,1000.0,132.38,48,23.59,27,636.93,False,2019-06-04,2023-05-14,1132.38,hipotecario,ok,True,
304,215,1000.0,110.38,10,111.04,1,111.04,True,2021-09-09,,1110.38,vehicular,ok,True,
305,147,15000.0,1378.42,18,909.91,16,14558.56,True,2018-11-28,,16378.42,vehicular,late,False,
306,285,1000.0,114.65,12,92.89,10,928.9,True,2023-06-20,,1114.65,hipotecario,ok,True,
307,39,5000.0,335.92,36,148.22,26,3853.72,False,2019-09-21,2022-09-05,5335.92,hipotecario,late,False,
308,296,2000.0,102.34,36,58.4,11,642.4,True,2023-01-31,,2102.34,vehicular,ok,True,
309,62,1000.0,71.61,6,178.6,6,511.6089924144781,False,2021-12-02,2022-05-31,1071.61,personal,ok,False,
310,99,8000.0,620.3,24,359.18,5,1795.9,True,2020-11-19,,8620.3,hipotecario,ok,True,
311,156,5000.0,708.32,48,118.92,51,2616.24,False,2018-12-26,2022-12-05,5708.32,hipotecario,ok,False,
312,100,5000.0,594.2,48,116.55,33,3846.15,True,2018-01-07,,5594.2,personal,ok,False,
313,275,8000.0,813.79,10,881.38,2,1762.76,True,2021-12-21,,8813.79,vehicular,ok,True,
314,294,25000.0,2764.45,10,2776.44,3,8329.32,False,2022-01-03,2022-10-30,24258.0,personal,ok,True,
315,67,3000.0,190.74,10,319.07,10,3190.7,False,2023-07-31,2024-05-26,3190.74,vehicular,ok,False,
316,262,3000.0,194.12,24,133.09,9,1197.81,True,2023-12-10,,3194.12,hipotecario,ok,True,
317,87,10000.0,1102.94,18,616.83,8,4934.64,True,2020-03-07,,11102.94,vehicular,ok,True,
318,109,25000.0,2100.97,18,1505.61,4,6022.44,True,2023-04-17,,27100.97,hipotecario,ok,True,
319,42,2000.0,151.87,12,179.32,9,1613.88,True,2018-12-07,,2151.87,personal,defaulter,True,
320,324,3000.0,199.57,48,66.66,23,1533.18,False,2020-06-27,2024-06-06,3199.57,vehicular,ok,True,
321,273,3000.0,414.09,36,94.84,23,2181.32,False,2018-06-14,2021-05-29,3414.09,personal,ok,False,
322,147,15000.0,2196.04,24,716.5,1,716.5,True,2018-09-24,,17196.04,vehicular,late,True,
323,246,3000.0,314.8,24,138.12,16,2209.92,True,2021-04-22,,3314.8,hipotecario,ok,False,
324,17,3000.0,288.8,18,182.71,11,2009.81,True,2020-05-13,,3288.8,vehicular,ok,False,
325,75,1000.0,106.27,48,23.05,14,322.7,True,2023-05-01,,1106.27,personal,ok,True,
326,179,8000.0,1184.59,10,918.46,2,1836.92,False,2022-09-07,2023-07-04,9184.59,vehicular,defaulter,False,
327,116,8000.0,751.32,6,1458.55,0,0.0,True,2020-04-19,,8751.32,hipotecario,ok,True,
328,13,15000.0,1689.89,48,347.71,15,5215.65,True,2021-02-11,,16689.89,personal,ok,True,
329,54,2000.0,126.89,36,59.08,36,1181.6,False,2023-06-23,2026-06-07,2126.89,personal,defaulter,False,
330,286,1000.0,129.34,12,94.11,2,188.22,True,2018-04-23,,1129.34,hipotecario,ok,True,
331,292,1000.0,113.29,48,23.19,36,834.84,False,2018-05-21,2022-04-30,1113.29,personal,late,True,
332,127,1000.0,134.59,10,113.46,7,794.22,True,2020-03-12,,1134.59,hipotecario,ok,True,
333,72,3000.0,339.63,24,139.15,12,1669.8,True,2023-07-09,,3339.63,personal,ok,False,
334,16,2000.0,115.37,48,44.07,33,1454.31,False,2019-03-26,2023-03-05,2115.37,vehicular,ok,False,
335,295,3000.0,391.04,36,94.2,26,2449.2,True,2022-05-08,2022-08-16,3391.04,personal,ok,True,
336,269,8000.0,571.7,12,714.31,8,5714.48,True,2021-07-28,,8571.7,personal,late,False,
337,74,2000.0,264.29,36,62.9,19,1195.1,True,2018-06-09,,2264.29,hipotecario,late,False,
338,53,25000.0,1974.93,36,749.3,3,2247.9,False,2021-05-13,2024-04-27,26974.93,hipotecario,ok,True,
339,290,2000.0,264.76,48,47.18,48,471.8,True,2022-10-06,,2334.0,personal,defaulter,False,
340,154,2000.0,155.23,36,59.87,16,957.92,True,2021-01-16,2021-04-26,2155.23,personal,ok,False,
341,320,8000.0,1144.71,6,1524.12,0,0.0,True,2022-07-01,,9144.71,vehicular,late,False,
342,100,2000.0,278.37,24,94.93,18,1708.74,True,2018-07-17,,2278.37,vehicular,ok,False,
343,218,8000.0,710.12,12,725.84,8,5806.72,True,2020-06-24,,8710.12,personal,late,True,
344,101,1000.0,77.84,12,89.82,0,0.0,False,2019-03-07,2020-03-01,148.0,personal,ok,True,
345,211,5000.0,749.73,6,958.29,4,3833.16,False,2022-03-06,,5749.73,personal,ok,False,
346,146,25000.0,2171.77,18,1509.54,8,12076.32,False,2020-06-10,2021-12-02,27171.77,personal,ok,True,
347,100,15000.0,1829.48,6,2804.91,0,0.0,False,2022-01-22,2022-07-21,16829.48,hipotecario,ok,True,
348,173,8000.0,636.24,48,179.92,35,6297.2,False,2020-11-17,2024-10-27,8636.24,personal,ok,False,
349,65,5000.0,292.67,12,441.06,2,882.12,True,2022-03-29,,5292.67,hipotecario,late,True,
350,44,15000.0,2003.22,36,472.31,12,5667.72,False,2022-12-21,2025-12-05,17003.22,personal,ok,False,
351,163,1000.0,123.62,36,31.21,16,499.36,True,2020-06-02,,1123.62,vehicular,late,False,
352,188,2000.0,235.51,18,124.2,15,1863.0,True,2023-11-22,2024-03-01,2235.51,vehicular,ok,False,
353,187,15000.0,1960.73,10,1696.07,4,6784.28,True,2022-10-26,,16960.73,personal,late,True,
354,244,1000.0,87.17,12,90.6,4,233.9134069583909,True,2019-04-29,,1087.17,vehicular,ok,False,
355,264,1000.0,110.61,24,46.28,21,971.88,True,2020-12-18,,1110.61,vehicular,late,True,
356,98,2000.0,196.82,48,45.77,22,1006.94,True,2021-05-26,,2196.82,personal,ok,False,
357,96,5000.0,522.24,48,115.05,31,3566.55,True,2018-10-05,,5522.24,vehicular,late,True,
358,26,1000.0,128.13,24,47.01,18,846.18,False,2019-04-06,2021-03-26,1128.13,vehicular,ok,True,
359,321,1000.0,144.74,36,31.8,23,731.4,True,2022-09-20,,524.0,vehicular,late,False,
360,282,1000.0,143.06,18,63.5,8,300.10138732760157,True,2022-05-09,2022-08-17,1143.06,hipotecario,ok,True,
361,224,8000.0,1159.26,36,254.42,38,1017.68,True,2023-04-17,,9159.26,vehicular,ok,True,
362,8,5000.0,698.84,18,316.6,0,0.0,False,2023-09-29,2025-03-22,5698.84,hipotecario,ok,False,
363,252,25000.0,2266.69,12,2272.22,9,20449.98,True,2021-09-17,,27266.69,personal,defaulter,True,
364,311,10000.0,1122.34,10,1112.23,5,5561.15,False,2021-07-07,2022-05-03,11122.34,personal,defaulter,False,
365,273,3000.0,268.56,10,326.86,1,326.86,True,2021-06-24,,3268.56,hipotecario,ok,False,
366,94,1000.0,95.82,6,182.64,2,365.28,False,2023-02-21,2023-08-20,1095.82,personal,late,False,
367,101,5000.0,713.1,10,571.31,10,5713.1,False,2022-10-18,2023-08-14,5713.1,hipotecario,ok,False,
368,91,10000.0,928.7,6,1821.45,4,7285.8,True,2022-08-04,,10928.7,personal,ok,True,
369,155,2000.0,298.65,6,383.11,4,1532.44,True,2018-11-23,,2298.65,personal,ok,True,
370,113,15000.0,1615.68,36,461.55,16,7384.8,True,2018-10-01,2019-01-09,16615.68,personal,ok,True,
371,82,5000.0,673.64,6,945.61,1,638.8075825857138,False,2018-06-03,2018-11-30,5673.64,vehicular,ok,True,
372,41,1000.0,72.87,6,178.81,0,0.0,True,2022-11-08,,1072.87,personal,late,False,
373,149,3000.0,247.9,12,270.66,2,541.32,True,2021-02-06,,3247.9,vehicular,defaulter,False,
374,40,8000.0,735.56,18,485.31,9,4367.79,True,2018-03-25,,8735.56,personal,ok,True,
375,147,25000.0,3387.58,18,1577.09,18,20502.17,True,2019-04-20,,28387.58,vehicular,defaulter,True,
376,195,15000.0,1966.32,48,353.46,35,12371.1,False,2020-09-20,2024-08-30,16966.32,hipotecario,late,False,
377,181,25000.0,1975.07,24,1123.96,4,4495.84,True,2020-05-12,,26975.07,hipotecario,ok,True,
378,249,5000.0,511.26,24,229.64,24,5511.36,True,2022-08-01,,5511.26,vehicular,ok,True,
379,212,3000.0,414.82,36,94.86,3,284.58,True,2020-04-23,,3414.82,vehicular,ok,True,
380,314,2000.0,279.21,24,94.97,24,2279.28,False,2021-02-09,2023-01-30,2279.21,hipotecario,ok,False,
381,47,10000.0,905.75,36,302.94,20,6058.8,True,2018-11-06,,10905.75,personal,ok,True,
382,287,2000.0,241.86,12,186.82,1,186.82,True,2018-09-11,,2241.86,vehicular,ok,False,
383,273,5000.0,724.6,48,119.26,24,2862.24,False,2022-07-17,2026-06-26,5724.6,hipotecario,late,True,
384,217,3000.0,260.78,6,543.46,6,3260.76,True,2021-01-16,,3260.78,vehicular,late,True,
385,198,1000.0,62.2,10,106.22,6,637.32,False,2019-05-24,2020-03-19,1062.2,personal,ok,True,
386,73,8000.0,570.71,18,476.15,2,398.0407632942089,False,2019-07-15,2021-01-05,8570.71,vehicular,ok,False,
387,65,1000.0,88.05,48,22.67,35,793.45,True,2022-04-17,,1088.05,hipotecario,ok,True,
388,78,2000.0,223.18,10,222.32,6,1333.92,True,2023-04-08,,2223.18,personal,late,True,
389,168,3000.0,278.88,24,136.62,15,2049.3,True,2019-01-25,,3278.88,hipotecario,ok,False,
390,80,3000.0,413.8,6,568.97,3,1706.91,False,2019-03-28,2019-09-24,3413.8,hipotecario,late,True,
391,313,8000.0,456.71,36,234.91,2,469.82,False,2019-08-18,2022-08-02,8456.71,personal,ok,False,
392,53,3000.0,207.43,18,178.19,16,2851.04,False,2019-06-01,2020-11-22,3207.43,hipotecario,ok,False,
393,59,1000.0,78.58,6,179.76,2,359.52,True,2019-12-27,,1078.58,hipotecario,ok,True,
394,289,8000.0,1027.89,48,188.08,14,2633.12,True,2018-08-03,,9027.89,vehicular,late,True,
395,248,5000.0,388.93,10,538.89,9,4850.01,False,2018-12-27,2019-10-23,5388.93,hipotecario,ok,False,
396,17,2000.0,294.14,24,95.59,8,764.72,True,2023-06-12,,2294.14,personal,ok,True,
397,204,15000.0,1146.41,10,1614.64,1,1614.64,True,2023-01-01,,16146.41,hipotecario,ok,False,
398,295,3000.0,172.68,36,88.13,19,1674.47,False,2020-08-07,2023-07-23,3172.68,vehicular,ok,True,
399,322,10000.0,1141.63,36,309.49,2,618.98,True,2021-03-03,,11141.63,hipotecario,ok,False,
400,48,10000.0,812.91,18,600.72,1,600.72,True,2019-02-17,,10812.91,vehicular,ok,False,
401,309,15000.0,1069.63,12,1339.14,4,5356.56,True,2021-06-25,,16069.63,hipotecario,ok,True,
402,284,1000.0,51.54,18,58.42,6,350.52,True,2020-03-27,,1051.54,vehicular,defaulter,False,
403,73,8000.0,893.8,36,247.05,16,3952.8,True,2020-04-21,,8893.8,hipotecario,ok,False,
404,127,1000.0,93.4,48,22.78,3,68.34,True,2018-03-14,,1093.4,vehicular,ok,True,
405,43,1000.0,117.07,10,111.71,3,335.13,True,2022-02-25,,1117.07,personal,late,True,
406,47,25000.0,1870.94,6,4478.49,5,22392.45,True,2018-03-10,,26870.94,hipotecario,ok,True,
407,318,2000.0,219.42,10,221.94,6,626.8606499826773,False,2022-08-01,2023-05-28,2219.42,vehicular,late,True,
408,319,8000.0,1029.42,12,752.45,9,6772.05,False,2020-05-19,2021-05-14,9029.42,vehicular,ok,True,
409,209,1000.0,70.62,12,89.22,8,713.76,True,2018-10-22,,1070.62,personal,late,True,
410,56,3000.0,286.3,24,136.93,10,1369.3,False,2023-12-11,2025-11-30,3286.3,hipotecario,ok,False,
411,252,3000.0,430.88,18,190.6,17,3240.2,True,2018-03-04,,3430.88,vehicular,ok,True,
412,260,10000.0,1002.63,24,458.44,10,4584.4,True,2020-04-01,,11002.63,vehicular,ok,True,
413,242,1000.0,76.02,36,29.89,20,597.8,True,2020-10-04,,1076.02,personal,ok,True,
414,242,15000.0,1830.85,48,350.64,19,6662.16,False,2020-03-13,2024-02-21,16830.85,personal,ok,False,
415,283,25000.0,2633.45,6,4605.58,4,18422.32,True,2018-03-02,,27633.45,personal,late,False,
416,32,15000.0,2179.22,18,954.4,13,12407.2,True,2023-07-19,,17179.22,hipotecario,defaulter,True,
417,213,8000.0,714.18,12,726.18,12,8714.16,True,2019-10-24,,8714.18,personal,ok,True,
418,76,15000.0,1442.77,36,456.74,21,9591.54,True,2021-08-01,2021-11-09,16442.77,vehicular,ok,False,
419,112,15000.0,1394.41,48,341.55,39,13320.45,False,2019-08-20,2023-07-30,16394.41,hipotecario,late,False,
420,150,10000.0,583.55,6,1763.92,5,8819.6,True,2019-05-14,,10583.55,hipotecario,ok,True,
421,162,1000.0,71.19,12,89.27,6,535.62,True,2018-05-27,,1280.0,hipotecario,defaulter,False,
422,137,15000.0,1880.8,6,2813.47,2,5626.94,False,2023-05-14,2023-11-10,16880.8,personal,ok,False,
423,141,10000.0,1075.41,24,461.48,15,6922.2,True,2018-08-27,,11075.41,personal,ok,True,
424,295,25000.0,3701.09,6,4783.52,6,28701.12,True,2021-07-16,,28701.09,personal,ok,False,
425,305,15000.0,1378.91,6,2729.82,5,13649.1,False,2019-06-13,2019-12-10,16378.91,vehicular,ok,True,
426,29,8000.0,577.52,10,857.75,8,6862.0,True,2021-01-01,,8577.52,personal,ok,False,
427,118,1000.0,103.16,24,45.96,18,827.28,False,2019-10-21,2021-10-10,1103.16,personal,ok,True,
428,181,10000.0,887.83,10,1088.78,2,2177.56,True,2019-01-19,,10887.83,hipotecario,ok,True,
429,185,25000.0,3670.16,18,1592.79,16,25484.64,True,2019-11-16,,28670.16,personal,late,True,
430,20,25000.0,3606.36,10,2860.64,2,5721.28,True,2023-02-18,,28606.36,hipotecario,ok,True,
431,62,5000.0,482.12,18,304.56,10,3045.6,True,2023-11-14,,5482.12,vehicular,late,False,
432,49,1000.0,50.53,18,58.36,1,58.36,True,2019-12-20,,1050.53,personal,ok,True,
433,318,15000.0,1766.21,18,931.46,16,14903.36,False,2021-05-19,2022-11-10,16766.21,personal,ok,False,
434,265,15000.0,2085.61,24,711.9,16,11390.4,True,2020-09-17,,17085.61,hipotecario,late,True,
435,245,10000.0,1258.27,18,625.46,9,5629.14,True,2018-02-23,,11258.27,vehicular,ok,True,
436,94,10000.0,1407.84,18,633.77,10,6337.7,True,2021-09-21,,11407.84,hipotecario,ok,True,
437,279,2000.0,291.7,6,381.95,5,1909.75,False,2018-08-27,2019-02-23,2291.7,vehicular,ok,True,
438,173,25000.0,1727.32,10,2672.73,10,26727.3,False,2022-05-29,2023-03-25,26727.32,vehicular,late,False,
439,279,15000.0,1031.58,18,890.64,4,3562.56,True,2018-07-23,,16031.58,personal,ok,False,
440,70,8000.0,1103.35,12,758.61,4,3034.44,False,2023-01-12,2024-01-07,9103.35,hipotecario,ok,False,
441,187,25000.0,2063.23,24,1127.63,6,6765.78,False,2018-04-14,2020-04-03,27063.23,hipotecario,late,True,
442,182,8000.0,453.8,12,704.48,3,2113.44,True,2022-08-03,,8453.8,vehicular,late,True,
443,163,15000.0,810.53,24,658.77,12,7905.24,False,2023-03-20,2025-03-09,15810.53,vehicular,ok,True,
444,304,8000.0,585.61,36,238.49,40,7154.7,False,2020-07-08,2023-06-23,8585.61,vehicular,late,True,
445,3,25000.0,2287.04,24,1136.96,9,10232.64,True,2018-12-05,,27287.04,personal,ok,True,
446,171,2000.0,241.48,12,186.79,8,1494.32,True,2021-07-23,,2241.48,vehicular,defaulter,False,
447,183,5000.0,513.84,12,459.49,4,1837.96,False,2022-08-12,2023-08-07,5513.84,hipotecario,late,False,
448,166,1000.0,100.4,12,91.7,12,1100.4,False,2022-05-10,2023-05-05,1100.4,vehicular,defaulter,False,
449,133,15000.0,1786.33,48,349.72,24,8393.28,True,2020-09-27,,16786.33,hipotecario,ok,False,
450,260,1000.0,67.94,18,59.33,17,1008.61,False,2018-04-03,2019-09-25,1067.94,hipotecario,ok,False,
451,59,3000.0,286.07,36,91.28,19,1734.32,True,2018-03-31,,3286.07,personal,ok,True,
452,230,2000.0,284.26,10,228.43,10,2284.3,True,2023-05-14,,2284.26,personal,ok,False,
453,209,25000.0,2790.79,48,578.97,15,8684.55,False,2020-07-30,2024-07-09,27790.79,vehicular,ok,True,
454,239,25000.0,1741.63,24,1114.23,22,24513.06,False,2023-11-06,2025-10-26,26741.63,personal,defaulter,False,
455,293,2000.0,238.24,48,46.63,7,326.41,False,2021-05-15,2025-04-24,2238.24,hipotecario,ok,False,
456,231,8000.0,1180.27,6,1530.04,0,0.0,True,2020-07-13,,9180.27,vehicular,late,True,
457,58,2000.0,194.99,10,219.5,5,1097.5,True,2020-06-24,,2194.99,vehicular,ok,True,
458,293,10000.0,666.02,18,592.56,7,4147.92,True,2023-04-15,,10666.02,personal,ok,False,
459,138,15000.0,1298.39,18,905.47,12,10865.64,True,2018-02-05,,16298.39,hipotecario,late,False,
460,166,15000.0,2230.09,48,358.96,21,7538.16,True,2018-01-31,2018-05-11,17230.09,hipotecario,late,True,
461,192,10000.0,1280.56,36,313.35,23,7207.05,True,2023-05-18,,11280.56,hipotecario,late,True,
462,247,15000.0,1209.7,6,2701.62,6,16209.72,True,2023-11-24,,16209.7,hipotecario,ok,True,
463,89,25000.0,2618.09,18,1534.34,7,10740.38,True,2021-11-23,,27618.09,vehicular,ok,True,
464,13,1000.0,126.52,18,62.58,17,1063.86,False,2020-04-24,2021-10-16,1126.52,vehicular,ok,False,
465,211,5000.0,430.7,12,452.56,1,452.56,False,2022-01-02,2022-12-28,5430.7,vehicular,late,False,
466,229,10000.0,1067.73,6,1844.62,3,5533.86,False,2023-02-25,2023-08-24,11067.73,hipotecario,ok,True,
467,72,1000.0,124.16,12,93.68,5,468.4,False,2021-12-16,2022-12-11,1124.16,personal,ok,False,
468,131,8000.0,725.25,36,242.37,31,5249.839349908836,True,2018-03-13,,8725.25,hipotecario,ok,True,
469,256,3000.0,251.24,12,270.94,12,3251.28,True,2021-07-02,,3251.24,personal,ok,True,
470,254,8000.0,1099.26,48,189.57,21,3980.97,False,2019-06-09,2023-05-19,9099.26,hipotecario,late,False,
471,205,1000.0,65.2,6,177.53,0,0.0,True,2020-06-29,,1065.2,hipotecario,ok,True,
472,109,15000.0,1187.19,12,1348.93,9,12140.37,False,2021-02-08,2022-02-03,16187.19,vehicular,ok,False,
473,189,25000.0,2788.13,36,771.89,17,13122.13,False,2020-07-01,2023-06-16,27788.13,personal,late,True,
474,238,10000.0,975.69,12,914.64,4,3658.56,True,2022-07-06,,10975.69,vehicular,ok,True,
475,180,2000.0,254.71,24,93.95,22,2066.9,True,2022-09-12,,2254.71,personal,ok,False,
476,1,5000.0,262.49,10,526.25,8,4210.0,True,2022-12-12,,5262.49,personal,ok,True,
477,72,3000.0,202.05,6,533.68,2,1067.36,False,2020-06-01,2020-11-28,3202.05,vehicular,ok,True,
478,221,8000.0,852.63,48,184.43,5,922.15,True,2018-12-08,2019-03-18,8852.63,personal,late,True,
479,310,25000.0,3188.11,12,2349.01,2,4698.02,True,2023-12-27,,28188.11,personal,defaulter,True,
480,104,3000.0,341.13,12,278.43,0,0.0,False,2020-10-26,2021-10-21,3341.13,hipotecario,ok,False,
481,119,8000.0,1107.88,18,505.99,16,8095.84,True,2023-10-07,,9107.88,hipotecario,late,True,
482,228,15000.0,1403.47,12,1366.96,9,12302.64,True,2021-10-10,,16403.47,vehicular,late,False,
483,210,25000.0,3336.43,48,590.34,11,6493.74,False,2020-08-25,2024-08-04,28336.43,hipotecario,defaulter,False,
484,137,15000.0,994.19,18,888.57,13,11551.41,False,2019-06-21,2020-12-12,15994.19,vehicular,ok,False,
485,118,2000.0,280.95,18,126.72,7,887.04,False,2018-06-01,2019-11-23,2280.95,hipotecario,defaulter,True,
486,271,3000.0,213.73,24,133.91,11,1473.01,True,2022-09-07,,3213.73,vehicular,ok,False,
487,132,15000.0,1198.29,6,2699.72,5,13498.6,True,2022-05-21,,16198.29,hipotecario,ok,False,
488,116,10000.0,673.34,24,444.72,28,0.0,True,2020-06-02,,10673.34,vehicular,defaulter,False,
489,302,1000.0,66.44,6,177.74,1,177.74,False,2023-10-19,2024-04-16,1066.44,vehicular,ok,True,
490,18,8000.0,1056.78,36,251.58,22,5534.76,False,2018-07-11,2021-06-25,9056.78,hipotecario,ok,False,
491,200,15000.0,1130.91,24,672.12,12,8065.44,True,2022-09-13,,16130.91,vehicular,defaulter,True,
492,197,1000.0,139.57,10,113.96,0,0.0,True,2018-12-26,,1139.57,hipotecario,late,False,
493,90,8000.0,854.38,48,184.47,27,4980.69,True,2019-08-29,,8854.38,vehicular,late,False,
494,162,15000.0,923.55,6,2653.92,3,7961.76,True,2020-06-15,,15923.55,personal,ok,True,
495,249,15000.0,1783.14,10,1678.31,4,6713.24,False,2021-09-20,,16783.14,hipotecario,late,False,
496,8,10000.0,1305.71,6,1884.28,5,9421.4,True,2022-08-04,,11305.71,personal,ok,True,
497,262,3000.0,216.37,48,67.01,7,469.07,True,2019-10-17,2020-01-25,3216.37,vehicular,late,True,
498,245,25000.0,3581.39,36,793.93,4,3175.72,True,2020-09-08,,28581.39,vehicular,ok,False,
499,303,8000.0,649.44,36,240.26,5,1201.3,False,2022-01-11,2024-12-26,8649.44,personal,defaulter,False,
500,13,15000.0,1376.5,48,341.18,51,4776.52,False,2018-01-19,2021-12-29,16376.5,vehicular,ok,True,
150,262,25000.0,3243.57,18,1569.09,0,0.0,True,2022-09-01,,28243.57,personal,ok,False,
54,284,10000.0,1176.77,18,620.93,18,11176.74,True,2021-10-22,,11176.77,personal,ok,True,
83,239,5000.0,303.59,10,530.36,5,2651.8,True,2023-03-22,,5444.0,personal,late,False,
364,311,10000.0,1122.34,10,1112.23,5,5561.15,False,2021-07-07,2022-05-03,11122.34,personal,defaulter,False,
442,182,8000.0,453.8,12,704.48,3,2113.44,True,2022-08-03,,8453.8,vehicular,late,True,
